INSERT INTO `Joueur` (`id_login`, `login`, `password`, `best_score`) VALUES (NULL, 'Mael',SHA1('password_mael'), NULL);
INSERT INTO `Joueur` (`id_login`, `login`, `password`, `best_score`) VALUES (NULL, 'Pierre',SHA1('password_pierre'), NULL);
INSERT INTO `Joueur` (`id_login`, `login`, `password`, `best_score`) VALUES (NULL, 'Christophe',SHA1('password_christophe'), NULL);
INSERT INTO `Joueur` (`id_login`, `login`, `password`, `best_score`) VALUES (NULL, 'Claude',SHA1('password_claude'), NULL);
INSERT INTO `Joueur` (`id_login`, `login`, `password`, `best_score`) VALUES (NULL, 'Marine',SHA1('password_marine'), NULL);
INSERT INTO `Joueur` (`id_login`, `login`, `password`, `best_score`) VALUES (NULL, 'Sylvie',SHA1('password_sylvie'), NULL);
INSERT INTO `Joueur` (`id_login`, `login`, `password`, `best_score`) VALUES (NULL, 'Mathilde',SHA1('password_mathilde'), NULL);
INSERT INTO `Joueur` (`id_login`, `login`, `password`, `best_score`) VALUES (NULL, 'Serge',SHA1('password_serge'), NULL);
INSERT INTO `Joueur` (`id_login`, `login`, `password`, `best_score`) VALUES (NULL, 'Philippe',SHA1('password_philippe'), NULL);
INSERT INTO `Joueur` (`id_login`, `login`, `password`, `best_score`) VALUES (NULL, 'Marie',SHA1('password_marie'), NULL);
INSERT INTO `Joueur` (`id_login`, `login`, `password`, `best_score`) VALUES (NULL, 'Claire',SHA1('password_claire'), NULL);
INSERT INTO `Joueur` (`id_login`, `login`, `password`, `best_score`) VALUES (NULL, 'Tony',SHA1('password_tony'), NULL);
INSERT INTO `Joueur` (`id_login`, `login`, `password`, `best_score`) VALUES (NULL, 'Angelique',SHA1('password_angelique'), NULL);
INSERT INTO `Joueur` (`id_login`, `login`, `password`, `best_score`) VALUES (NULL, 'Patrick',SHA1('password_patrick'), NULL);

INSERT INTO `Theme` (`id_theme`, `theme`) VALUES (1, 'ISEN');
INSERT INTO `Theme` (`id_theme`, `theme`) VALUES (2, 'POLITIQUE');
INSERT INTO `Theme` (`id_theme`, `theme`) VALUES (3, 'SPORT');
INSERT INTO `Theme` (`id_theme`, `theme`) VALUES (4, 'CULTURE');
INSERT INTO `Theme` (`id_theme`, `theme`) VALUES (5, 'PEOPLE');
INSERT INTO `Theme` (`id_theme`, `theme`) VALUES (6, 'MONDE');
INSERT INTO `Theme` (`id_theme`, `theme`) VALUES (7, 'AUTRE');

INSERT INTO `Question` (`id_question`, `question`, `choix_1`, `choix_2`, `id_theme`) VALUES (1, 'Erdogan, Hulk Hogan ou les deux ?', 'Erdogan', 'Hulk Hogan',2);
INSERT INTO `Question` (`id_question`, `question`, `choix_1`, `choix_2`, `id_theme`) VALUES (2, 'Neymar, un homard ou les deux ?', 'Neymar', 'Un homard',3);
INSERT INTO `Question` (`id_question`, `question`, `choix_1`, `choix_2`, `id_theme`) VALUES (3, 'Tic, Tac ou les deux ?', 'Tic', 'Tac',7);
INSERT INTO `Question` (`id_question`, `question`, `choix_1`, `choix_2`, `id_theme`) VALUES (4, 'Pamela ANDERSON, une voiture d’occasion, ou les deux?', 'Pamela ANDERSON', 'Une voiture d’occasion',5);
INSERT INTO `Question` (`id_question`, `question`, `choix_1`, `choix_2`, `id_theme`) VALUES (5, 'Pavarotti, poulet rôti, ou les deux?', 'Pavarotti', 'Poulet rôti',4);
INSERT INTO `Question` (`id_question`, `question`, `choix_1`, `choix_2`, `id_theme`) VALUES (6, 'Un pet, la paix, ou les deux?', 'Un pet', 'La paix',4);
INSERT INTO `Question` (`id_question`, `question`, `choix_1`, `choix_2`, `id_theme`) VALUES (7, 'Projet final, Projet X, ou les deux ?', 'Projet final', 'Projet X',1);
INSERT INTO `Question` (`id_question`, `question`, `choix_1`, `choix_2`, `id_theme`) VALUES (8, 'Robert Hue, Le U ou les deux ?', 'Robert Hue', 'Le U',2);
INSERT INTO `Question` (`id_question`, `question`, `choix_1`, `choix_2`, `id_theme`) VALUES (9, 'Jacques Chirac, un anorak ou les deux ?', 'Jacques Chirac', 'Un anorak',2);
INSERT INTO `Question` (`id_question`, `question`, `choix_1`, `choix_2`, `id_theme`) VALUES (10, 'Eric Cantona, Riz Cantonais ou les deux ?', 'Eric Cantona', 'Riz Cantonais',3);
INSERT INTO `Question` (`id_question`, `question`, `choix_1`, `choix_2`, `id_theme`) VALUES (11, 'Un gars, une fille ou les deux ?', 'Un gars', 'Une fille',5);
INSERT INTO `Question` (`id_question`, `question`, `choix_1`, `choix_2`, `id_theme`) VALUES (12, 'Avant JC, Après JC ou les deux ?', 'Avant JC', 'Après JC',4);
INSERT INTO `Question` (`id_question`, `question`, `choix_1`, `choix_2`, `id_theme`) VALUES (13, 'Dave, une endive ou les deux ?', 'Dave', 'Une endive',5);
INSERT INTO `Question` (`id_question`, `question`, `choix_1`, `choix_2`, `id_theme`) VALUES (14, 'Cher, pas cher ou les deux ?', 'Cher', 'Pas cher',5);
INSERT INTO `Question` (`id_question`, `question`, `choix_1`, `choix_2`, `id_theme`) VALUES (15, 'Nashville, Belleville ou les deux ?', 'Nashville', 'Belleville',6);
INSERT INTO `Question` (`id_question`, `question`, `choix_1`, `choix_2`, `id_theme`) VALUES (16, 'Envie de rire, envie de vomir ou les deux ?', 'Envie de rire', 'Envie de vomir',7);
INSERT INTO `Question` (`id_question`, `question`, `choix_1`, `choix_2`, `id_theme`) VALUES (17, 'Laetitia Casta, un canard en plastique ou les deux ?', 'Laetitia Casta', 'Un canard en plastique',5);
INSERT INTO `Question` (`id_question`, `question`, `choix_1`, `choix_2`, `id_theme`) VALUES (18, 'Mr Napoléon, un bon appart ou les deux ?', 'Mr Napoléon', 'Un bon appart',1);
INSERT INTO `Question` (`id_question`, `question`, `choix_1`, `choix_2`, `id_theme`) VALUES (19, 'Mr Vignaud, un vignoble ou les deux ?', 'Mr Vignaud', 'Un vignoble',1);

INSERT INTO `Proposition` (`id_proposition`, `proposition`, `reponse`, `id_question`) VALUES (NULL, 'Il a un nom de chaussure',2,1);
INSERT INTO `Proposition` (`id_proposition`, `proposition`, `reponse`, `id_question`) VALUES (NULL, 'Il est fort comme un turc',3,1);
INSERT INTO `Proposition` (`id_proposition`, `proposition`, `reponse`, `id_question`) VALUES (NULL, 'En slip c\'est plus ce que c\'était',3,1);
INSERT INTO `Proposition` (`id_proposition`, `proposition`, `reponse`, `id_question`) VALUES (NULL, 'Sa moustache impose le respect',3,1);
INSERT INTO `Proposition` (`id_proposition`, `proposition`, `reponse`, `id_question`) VALUES (NULL, 'Ne croit pas trop à l\'amitié turco-arménienne',1,1);
INSERT INTO `Proposition` (`id_proposition`, `proposition`, `reponse`, `id_question`) VALUES (NULL, 'Bizarrement il est démocrate',1,1);
INSERT INTO `Proposition` (`id_proposition`, `proposition`, `reponse`, `id_question`) VALUES (NULL, 'C\'est un spécialiste de la soumission',3,1);
INSERT INTO `Proposition` (`id_proposition`, `proposition`, `reponse`, `id_question`) VALUES (NULL, 'C\'est le VRP du bandana',2,1);
INSERT INTO `Proposition` (`id_proposition`, `proposition`, `reponse`, `id_question`) VALUES (NULL, 'Il a des fans qui tuent',1,1);
INSERT INTO `Proposition` (`id_proposition`, `proposition`, `reponse`, `id_question`) VALUES (NULL, 'Dans son boulot tout est truqué',3,1);
INSERT INTO `Proposition` (`id_proposition`, `proposition`, `reponse`, `id_question`) VALUES (NULL, 'Il s\'est batu avec André le géant',2,1);
INSERT INTO `Proposition` (`id_proposition`, `proposition`, `reponse`, `id_question`) VALUES (NULL, 'Il s\'est embrouillé avec le petit Nicolas',1,1);
INSERT INTO `Proposition` (`id_proposition`, `proposition`, `reponse`, `id_question`) VALUES (NULL, 'Il a fait un procès à un site qui a diffusé sa sex-tape',2,1);
INSERT INTO `Proposition` (`id_proposition`, `proposition`, `reponse`, `id_question`) VALUES (NULL, 'Il emprisonne les journalistes',1,1);
INSERT INTO `Proposition` (`id_proposition`, `proposition`, `reponse`, `id_question`) VALUES (NULL, 'Coûte une blinde',3,2);
INSERT INTO `Proposition` (`id_proposition`, `proposition`, `reponse`, `id_question`) VALUES (NULL, 'S\'est embrouillé avec Cavani pour un penalty',1,2);
INSERT INTO `Proposition` (`id_proposition`, `proposition`, `reponse`, `id_question`) VALUES (NULL, 'S\'est embrouillé avec une anguille pour un bulot',2,2);
INSERT INTO `Proposition` (`id_proposition`, `proposition`, `reponse`, `id_question`) VALUES (NULL, 'Sa couleur est le bleu',3,2);
INSERT INTO `Proposition` (`id_proposition`, `proposition`, `reponse`, `id_question`) VALUES (NULL, 'Tout le monde veut lui casser les pattes',3,2);
INSERT INTO `Proposition` (`id_proposition`, `proposition`, `reponse`, `id_question`) VALUES (NULL, 'Mange de la morue',3,2);
INSERT INTO `Proposition` (`id_proposition`, `proposition`, `reponse`, `id_question`) VALUES (NULL, 'Très peu de gras',3,2);
INSERT INTO `Proposition` (`id_proposition`, `proposition`, `reponse`, `id_question`) VALUES (NULL, 'C\'est une grosse pince',2,2);
INSERT INTO `Proposition` (`id_proposition`, `proposition`, `reponse`, `id_question`) VALUES (NULL, 'Une bestiole qui suce le sang',1,3);
INSERT INTO `Proposition` (`id_proposition`, `proposition`, `reponse`, `id_question`) VALUES (NULL, 'Des écureuils',3,3);
INSERT INTO `Proposition` (`id_proposition`, `proposition`, `reponse`, `id_question`) VALUES (NULL, 'Un bonbon mentholé',3,3);
INSERT INTO `Proposition` (`id_proposition`, `proposition`, `reponse`, `id_question`) VALUES (NULL, 'Les transports en commun de l\'agglomération d\'Annemasse',2,3);
INSERT INTO `Proposition` (`id_proposition`, `proposition`, `reponse`, `id_question`) VALUES (NULL, 'Une stratégie',3,3);
INSERT INTO `Proposition` (`id_proposition`, `proposition`, `reponse`, `id_question`) VALUES (NULL, 'Merci en Suédois',2,3);
INSERT INTO `Proposition` (`id_proposition`, `proposition`, `reponse`, `id_question`) VALUES (NULL, 'Un mécanisme d\'horlogerie',3,3);
INSERT INTO `Proposition` (`id_proposition`, `proposition`, `reponse`, `id_question`) VALUES (NULL, 'Elle est blonde',1,4);
INSERT INTO `Proposition` (`id_proposition`, `proposition`, `reponse`, `id_question`) VALUES (NULL, 'Elle est cotée à l\'Argus',2,4);
INSERT INTO `Proposition` (`id_proposition`, `proposition`, `reponse`, `id_question`) VALUES (NULL, 'Elle ne coûte pas cher',2,4);
INSERT INTO `Proposition` (`id_proposition`, `proposition`, `reponse`, `id_question`) VALUES (NULL, 'Elle n\'a pas que des pieces d’orgine',3,4);
INSERT INTO `Proposition` (`id_proposition`, `proposition`, `reponse`, `id_question`) VALUES (NULL, 'On peut l\'acheter à un ami',2,4);
INSERT INTO `Proposition` (`id_proposition`, `proposition`, `reponse`, `id_question`) VALUES (NULL, 'Elle a des kilomètres au compteur',3,4);
INSERT INTO `Proposition` (`id_proposition`, `proposition`, `reponse`, `id_question`) VALUES (NULL, 'Ne chante pas',2,5);
INSERT INTO `Proposition` (`id_proposition`, `proposition`, `reponse`, `id_question`) VALUES (NULL, 'Il n\'y a aucune raison de le ficeler',1,5);
INSERT INTO `Proposition` (`id_proposition`, `proposition`, `reponse`, `id_question`) VALUES (NULL, 'Fait ses tournées sur une broche',2,5);
INSERT INTO `Proposition` (`id_proposition`, `proposition`, `reponse`, `id_question`) VALUES (NULL, 'Il s\'exprime comme ça « aaaaaaaaaaaahh »',1,5);
INSERT INTO `Proposition` (`id_proposition`, `proposition`, `reponse`, `id_question`) VALUES (NULL, 'A des bonnes cuisses',2,5);
INSERT INTO `Proposition` (`id_proposition`, `proposition`, `reponse`, `id_question`) VALUES (NULL, 'Chargé de cholestérol',1,5);
INSERT INTO `Proposition` (`id_proposition`, `proposition`, `reponse`, `id_question`) VALUES (NULL, 'Il faut se serrer la main avant',2,6);
INSERT INTO `Proposition` (`id_proposition`, `proposition`, `reponse`, `id_question`) VALUES (NULL, 'Ça arrive souvent après une dégustation de pois chiches',1,6);
INSERT INTO `Proposition` (`id_proposition`, `proposition`, `reponse`, `id_question`) VALUES (NULL, 'Tout comme les enfants on supporte mieux le sien que celui des autres',1,6);
INSERT INTO `Proposition` (`id_proposition`, `proposition`, `reponse`, `id_question`) VALUES (NULL, 'Ça peut soulager une nation entière',3,6);
INSERT INTO `Proposition` (`id_proposition`, `proposition`, `reponse`, `id_question`) VALUES (NULL, 'Ça peut engendrer des conflits',1,6);
INSERT INTO `Proposition` (`id_proposition`, `proposition`, `reponse`, `id_question`) VALUES (NULL, 'On peut regretter amèrement de l\'avoir fait',3,6);
INSERT INTO `Proposition` (`id_proposition`, `proposition`, `reponse`, `id_question`) VALUES (NULL, 'Il y a une piscine',2,7);
INSERT INTO `Proposition` (`id_proposition`, `proposition`, `reponse`, `id_question`) VALUES (NULL, 'Peut faire redoubler',3,7);
INSERT INTO `Proposition` (`id_proposition`, `proposition`, `reponse`, `id_question`) VALUES (NULL, 'Encadré par Mr Vignaud et Mr Napoléon',1,7);
INSERT INTO `Proposition` (`id_proposition`, `proposition`, `reponse`, `id_question`) VALUES (NULL, 'Il y a beaucoup de filles',2,7);
INSERT INTO `Proposition` (`id_proposition`, `proposition`, `reponse`, `id_question`) VALUES (NULL, 'Toute la promo est invitée',3,7);
INSERT INTO `Proposition` (`id_proposition`, `proposition`, `reponse`, `id_question`) VALUES (NULL, 'Se fait en binôme',1,7);
INSERT INTO `Proposition` (`id_proposition`, `proposition`, `reponse`, `id_question`) VALUES (NULL, 'C\'est le symbole chimique de l\'uranium',2,8);
INSERT INTO `Proposition` (`id_proposition`, `proposition`, `reponse`, `id_question`) VALUES (NULL, 'C\'est le symbole du communisme moderne',1,8);
INSERT INTO `Proposition` (`id_proposition`, `proposition`, `reponse`, `id_question`) VALUES (NULL, 'Le son peut faire avancer un cheval',3,8);
INSERT INTO `Proposition` (`id_proposition`, `proposition`, `reponse`, `id_question`) VALUES (NULL, 'Sans lui Burger Quizz ne veut plus rien dire',2,8);
INSERT INTO `Proposition` (`id_proposition`, `proposition`, `reponse`, `id_question`) VALUES (NULL, 'C\'est classé au 21ème rang de l\'alphabet',2,8);
INSERT INTO `Proposition` (`id_proposition`, `proposition`, `reponse`, `id_question`) VALUES (NULL, 'On le trouve dans la Majorité plurielle',3,8);
INSERT INTO `Proposition` (`id_proposition`, `proposition`, `reponse`, `id_question`) VALUES (NULL, 'On peut le trouver dans une Salle de judo',3,8);
INSERT INTO `Proposition` (`id_proposition`, `proposition`, `reponse`, `id_question`) VALUES (NULL, 'On le trouve dans Mon cul',2,8);
INSERT INTO `Proposition` (`id_proposition`, `proposition`, `reponse`, `id_question`) VALUES (NULL, 'Tu peux l\'enfiler',2,9);
INSERT INTO `Proposition` (`id_proposition`, `proposition`, `reponse`, `id_question`) VALUES (NULL, 'A l\'intérieur c\'est bourré de plume',2,9);
INSERT INTO `Proposition` (`id_proposition`, `proposition`, `reponse`, `id_question`) VALUES (NULL, 'A une épouse',1,9);
INSERT INTO `Proposition` (`id_proposition`, `proposition`, `reponse`, `id_question`) VALUES (NULL, 'Tu peux lui sucer le cordon',2,9);
INSERT INTO `Proposition` (`id_proposition`, `proposition`, `reponse`, `id_question`) VALUES (NULL, 'Il est réversible',3,9);
INSERT INTO `Proposition` (`id_proposition`, `proposition`, `reponse`, `id_question`) VALUES (NULL, 'Il faut l\'amener avec soit au ski',1,9);
INSERT INTO `Proposition` (`id_proposition`, `proposition`, `reponse`, `id_question`) VALUES (NULL, 'Il tire souvent sur ses manchettes',1,9);
INSERT INTO `Proposition` (`id_proposition`, `proposition`, `reponse`, `id_question`) VALUES (NULL, 'De composition synthétique',2,9);
INSERT INTO `Proposition` (`id_proposition`, `proposition`, `reponse`, `id_question`) VALUES (NULL, 'Ooh Aah',1,10);
INSERT INTO `Proposition` (`id_proposition`, `proposition`, `reponse`, `id_question`) VALUES (NULL, 'Contient une tranche de jambon',2,10);
INSERT INTO `Proposition` (`id_proposition`, `proposition`, `reponse`, `id_question`) VALUES (NULL, 'N\'a pas joué la coupe du monde',3,10);
INSERT INTO `Proposition` (`id_proposition`, `proposition`, `reponse`, `id_question`) VALUES (NULL, 'Nécessite 10 minutes de cuisson',2,10);
INSERT INTO `Proposition` (`id_proposition`, `proposition`, `reponse`, `id_question`) VALUES (NULL, 'On pouvait le trouver à Manchester',3,10);
INSERT INTO `Proposition` (`id_proposition`, `proposition`, `reponse`, `id_question`) VALUES (NULL, 'On peut le trouver à la plage',1,10);
INSERT INTO `Proposition` (`id_proposition`, `proposition`, `reponse`, `id_question`) VALUES (NULL, 'Je ne sais pas pourquoi j\'aime ça',3,10);
INSERT INTO `Proposition` (`id_proposition`, `proposition`, `reponse`, `id_question`) VALUES (NULL, 'Précis, pointu, affuté',1,10);
INSERT INTO `Proposition` (`id_proposition`, `proposition`, `reponse`, `id_question`) VALUES (NULL, 'Jean Dujardin',1,11);
INSERT INTO `Proposition` (`id_proposition`, `proposition`, `reponse`, `id_question`) VALUES (NULL, 'Un hippocampe',3,11);
INSERT INTO `Proposition` (`id_proposition`, `proposition`, `reponse`, `id_question`) VALUES (NULL, 'Dave',1,11);
INSERT INTO `Proposition` (`id_proposition`, `proposition`, `reponse`, `id_question`) VALUES (NULL, 'Marilyn Manson',1,11);
INSERT INTO `Proposition` (`id_proposition`, `proposition`, `reponse`, `id_question`) VALUES (NULL, 'Tonie Marshall',2,11);
INSERT INTO `Proposition` (`id_proposition`, `proposition`, `reponse`, `id_question`) VALUES (NULL, 'Un escargot',3,11);
INSERT INTO `Proposition` (`id_proposition`, `proposition`, `reponse`, `id_question`) VALUES (NULL, 'Joseph',3,12);
INSERT INTO `Proposition` (`id_proposition`, `proposition`, `reponse`, `id_question`) VALUES (NULL, 'Le film de Jean Yann qui parle de Marcel Ben-Hur',3,12);
INSERT INTO `Proposition` (`id_proposition`, `proposition`, `reponse`, `id_question`) VALUES (NULL, 'Charles Aznavour',2,12);
INSERT INTO `Proposition` (`id_proposition`, `proposition`, `reponse`, `id_question`) VALUES (NULL, 'Les Dinosaures',1,12);
INSERT INTO `Proposition` (`id_proposition`, `proposition`, `reponse`, `id_question`) VALUES (NULL, 'Les Rois mages',3,12);
INSERT INTO `Proposition` (`id_proposition`, `proposition`, `reponse`, `id_question`) VALUES (NULL, 'Michel Drucker',2,12);
INSERT INTO `Proposition` (`id_proposition`, `proposition`, `reponse`, `id_question`) VALUES (NULL, 'Son vrai nom est Wouter',1,13);
INSERT INTO `Proposition` (`id_proposition`, `proposition`, `reponse`, `id_question`) VALUES (NULL, 'C\'est blond aux yeux bleus',1,13);
INSERT INTO `Proposition` (`id_proposition`, `proposition`, `reponse`, `id_question`) VALUES (NULL, 'C\'est blanc au bout vert',2,13);
INSERT INTO `Proposition` (`id_proposition`, `proposition`, `reponse`, `id_question`) VALUES (NULL, 'Se mange cru ou cuit',2,13);
INSERT INTO `Proposition` (`id_proposition`, `proposition`, `reponse`, `id_question`) VALUES (NULL, 'Ressemble à Michael Douglas',1,13);
INSERT INTO `Proposition` (`id_proposition`, `proposition`, `reponse`, `id_question`) VALUES (NULL, 'Il a fait de la pub',3,13);
INSERT INTO `Proposition` (`id_proposition`, `proposition`, `reponse`, `id_question`) VALUES (NULL, 'Vient de Hollande',3,13);
INSERT INTO `Proposition` (`id_proposition`, `proposition`, `reponse`, `id_question`) VALUES (NULL, 'Fait rarement de salade',1,13);
INSERT INTO `Proposition` (`id_proposition`, `proposition`, `reponse`, `id_question`) VALUES (NULL, 'Vanina, rappelle-toi',1,13);
INSERT INTO `Proposition` (`id_proposition`, `proposition`, `reponse`, `id_question`) VALUES (NULL, 'Chante',1,14);
INSERT INTO `Proposition` (`id_proposition`, `proposition`, `reponse`, `id_question`) VALUES (NULL, 'Est un département Français',1,14);
INSERT INTO `Proposition` (`id_proposition`, `proposition`, `reponse`, `id_question`) VALUES (NULL, 'N\'a pas fait de chirurgie esthétique',2,14);
INSERT INTO `Proposition` (`id_proposition`, `proposition`, `reponse`, `id_question`) VALUES (NULL, 'Un Paris-New York à 10 euros',2,14);
INSERT INTO `Proposition` (`id_proposition`, `proposition`, `reponse`, `id_question`) VALUES (NULL, 'A reçue un oscar',1,14);
INSERT INTO `Proposition` (`id_proposition`, `proposition`, `reponse`, `id_question`) VALUES (NULL, 'Un duo avec Sonny',1,14);
INSERT INTO `Proposition` (`id_proposition`, `proposition`, `reponse`, `id_question`) VALUES (NULL, '750 francs la redevance télé',1,14);
INSERT INTO `Proposition` (`id_proposition`, `proposition`, `reponse`, `id_question`) VALUES (NULL, 'Se trouve dans le 20ème arrondissement de Paris',2,15);
INSERT INTO `Proposition` (`id_proposition`, `proposition`, `reponse`, `id_question`) VALUES (NULL, 'Se trouve dans le Tennessee',1,15);
INSERT INTO `Proposition` (`id_proposition`, `proposition`, `reponse`, `id_question`) VALUES (NULL, 'Capitale mondiale de la country',1,15);
INSERT INTO `Proposition` (`id_proposition`, `proposition`, `reponse`, `id_question`) VALUES (NULL, 'Eddy Mitchell',3,15);
INSERT INTO `Proposition` (`id_proposition`, `proposition`, `reponse`, `id_question`) VALUES (NULL, 'La langue officielle est l\'anglais',1,15);
INSERT INTO `Proposition` (`id_proposition`, `proposition`, `reponse`, `id_question`) VALUES (NULL, 'La langue officielle est l\'hébreu, l\'arabe, le français et le chinois',2,15);
INSERT INTO `Proposition` (`id_proposition`, `proposition`, `reponse`, `id_question`) VALUES (NULL, 'Il y a un nombre incroyable de Santiague au mètre carré',1,15);
INSERT INTO `Proposition` (`id_proposition`, `proposition`, `reponse`, `id_question`) VALUES (NULL, 'Des chatouilles',1,16);
INSERT INTO `Proposition` (`id_proposition`, `proposition`, `reponse`, `id_question`) VALUES (NULL, '2 doigts dans la bouche',2,16);
INSERT INTO `Proposition` (`id_proposition`, `proposition`, `reponse`, `id_question`) VALUES (NULL, 'Jean-Marie Le Pen au pouvoir',2,16);
INSERT INTO `Proposition` (`id_proposition`, `proposition`, `reponse`, `id_question`) VALUES (NULL, 'Les premiers mois de la grossesse',2,16);
INSERT INTO `Proposition` (`id_proposition`, `proposition`, `reponse`, `id_question`) VALUES (NULL, 'C\'est reparti comme en 33',2,16);
INSERT INTO `Proposition` (`id_proposition`, `proposition`, `reponse`, `id_question`) VALUES (NULL, 'Steeve dit avoir plus de 140 de QI',1,16);
INSERT INTO `Proposition` (`id_proposition`, `proposition`, `reponse`, `id_question`) VALUES (NULL, 'Surnommée Zouzou',1,17);
INSERT INTO `Proposition` (`id_proposition`, `proposition`, `reponse`, `id_question`) VALUES (NULL, 'A un fan club officiel',3,17);
INSERT INTO `Proposition` (`id_proposition`, `proposition`, `reponse`, `id_question`) VALUES (NULL, 'Sait faire de la bicyclette',1,17);
INSERT INTO `Proposition` (`id_proposition`, `proposition`, `reponse`, `id_question`) VALUES (NULL, 'Contient des bouts de caoutchouc',2,17);
INSERT INTO `Proposition` (`id_proposition`, `proposition`, `reponse`, `id_question`) VALUES (NULL, 'A joué dans Batman 2',2,17);
INSERT INTO `Proposition` (`id_proposition`, `proposition`, `reponse`, `id_question`) VALUES (NULL, 'A une grande bouche',3,17);
INSERT INTO `Proposition` (`id_proposition`, `proposition`, `reponse`, `id_question`) VALUES (NULL, 'On peut le/la laquer',3,17);
INSERT INTO `Proposition` (`id_proposition`, `proposition`, `reponse`, `id_question`) VALUES (NULL, 'Est un général',1,18);
INSERT INTO `Proposition` (`id_proposition`, `proposition`, `reponse`, `id_question`) VALUES (NULL, 'On peut rentrer dedans',2,18);
INSERT INTO `Proposition` (`id_proposition`, `proposition`, `reponse`, `id_question`) VALUES (NULL, 'Maitrise entre autre le C++',1,18);
INSERT INTO `Proposition` (`id_proposition`, `proposition`, `reponse`, `id_question`) VALUES (NULL, 'Tu peux le trouver à Brest',3,18);
INSERT INTO `Proposition` (`id_proposition`, `proposition`, `reponse`, `id_question`) VALUES (NULL, 'L\'AJAX lui donne une seconde vie',3,18);
INSERT INTO `Proposition` (`id_proposition`, `proposition`, `reponse`, `id_question`) VALUES (NULL, 'Exposé en agence immobilière',2,18);
INSERT INTO `Proposition` (`id_proposition`, `proposition`, `reponse`, `id_question`) VALUES (NULL, 'A un PC dernière génération',3,18);
INSERT INTO `Proposition` (`id_proposition`, `proposition`, `reponse`, `id_question`) VALUES (NULL, 'Peut compliquer ton cours du vendredi matin',3,19);
INSERT INTO `Proposition` (`id_proposition`, `proposition`, `reponse`, `id_question`) VALUES (NULL, 'Maitrise le PHP',1,19);
INSERT INTO `Proposition` (`id_proposition`, `proposition`, `reponse`, `id_question`) VALUES (NULL, 'Il fait le plein d\'énergie au soleil',3,19);
INSERT INTO `Proposition` (`id_proposition`, `proposition`, `reponse`, `id_question`) VALUES (NULL, 'Aime qu\'on l\'arrose',2,19);
INSERT INTO `Proposition` (`id_proposition`, `proposition`, `reponse`, `id_question`) VALUES (NULL, 'On peut effectuer sa vendange début Octobre en Charentes',2,19);
INSERT INTO `Proposition` (`id_proposition`, `proposition`, `reponse`, `id_question`) VALUES (NULL, '792 milliers d\'hectares en France',2,19);
INSERT INTO `Proposition` (`id_proposition`, `proposition`, `reponse`, `id_question`) VALUES (NULL, 'N\'apprécie pas les retards',1,19);
